# indice_glifo(hex)	caracter  -- Terrors WS. Fuente: 0x3E0000 (glifos <0x492) y 0x3D0000 (resto), 56 bytes/glifo
0000	　
0001	い
0002	て
0003	を
0004	は
0005	た
0006	の
0007	っ
0008	。
0009	し
000A	に
000B	な
000C	で
000D	、
000E	が
000F	く
0010	あ
0011	か
0012	れ
0013	ら
0014	る
0015	き
0016	お
0017	う
0018	け
0019	え
001A	ろ
001B	だ
001C	と
001D	そ
001E	や
001F	よ
0020	む
0021	さ
0022	能
0023	り
0024	ん
0025	ど
0026	す
0027	切
0028	ち
0029	つ
002A	こ
002B	も
002C	み
002D	文
002E	…
002F	音
0030	め
0031	物
0032	じ
0033	」
0034	出
0035	知
0036	通
0037	速
0038	語
0039	？
003A	普
003B	人
003C	初
003D	真
003E	ま
003F	怖
0040	入
0041	大
0042	ア
0043	直
0044	香
0045	日
0046	リ
0047	一
0048	「
0049	章
004A	私
004B	急
004C	源
004D	声
004E	待
004F	書
0050	わ
0051	読
0052	ー
0053	づ
0054	館
0055	空
0056	言
0057	美
0058	敷
0059	電
005A	小
005B	緑
005C	遅
005D	ね
005E	冊
005F	目
0060	礼
0061	化
0062	９
0063	ク
0064	回
0065	へ
0066	マ
0067	ホ
0068	見
0069	遊
006A	最
006B	べ
006C	気
006D	時
006E	上
006F	山
0070	寄
0071	差
0072	抜
0073	思
0074	僕
0075	続
0076	５
0077	歩
0078	道
0079	子
007A	々
007B	着
007C	ば
007D	せ
007E	ニ
007F	ぬ
0080	ず
0081	供
0082	ゃ
0083	内
0084	青
0085	２
0086	主
0087	３
0088	中
0089	表
008A	ハ
008B	部
008C	走
008D	バ
008E	８
008F	野
0090	屋
0091	意
0092	行
0093	ガ
0094	４
0095	イ
0096	村
0097	足
0098	ぐ
0099	端
009A	達
009B	機
009C	パ
009D	教
009E	開
009F	７
00A0	加
00A1	ご
00A2	紙
00A3	面
00A4	ス
00A5	味
00A6	夫
00A7	地
00A8	今
00A9	台
00AA	実
00AB	起
00AC	女
00AD	円
00AE	江
00AF	革
00B0	前
00B1	置
00B2	憶
00B3	園
00B4	遠
00B5	字
00B6	げ
00B7	ほ
00B8	権
00B9	手
00BA	込
00BB	棚
00BC	丈
00BD	ぁ
00BE	葉
00BF	ッ
00C0	キ
00C1	１
00C2	タ
00C3	輝
00C4	会
00C5	向
00C6	ざ
00C7	心
00C8	難
00C9	顔
00CA	作
00CB	刻
00CC	違
00CD	度
00CE	包
00CF	持
00D0	慣
00D1	木
00D2	念
00D3	林
00D4	当
00D5	話
00D6	下
00D7	ン
00D8	後
00D9	デ
00DA	遮
00DB	竹
00DC	公
00DD	間
00DE	次
00DF	暮
00E0	広
00E1	重
00E2	到
00E3	年
00E4	関
00E5	ル
00E6	！
00E7	ピ
00E8	び
00E9	微
00EA	身
00EB	ぇ
00EC	賀
00ED	事
00EE	茜
00EF	鮮
00F0	聞
00F1	方
00F2	優
00F3	ょ
00F4	素
00F5	然
00F6	何
00F7	感
00F8	ぱ
00F9	白
00FA	笑
00FB	ラ
00FC	合
00FD	土
00FE	彼
00FF	製
0100	涼
0101	戸
0102	呪
0103	固
0104	暑
0105	自
0106	男
0107	扉
0108	良
0109	振
010A	名
010B	転
010C	嫁
010D	番
010E	院
010F	ふ
0110	両
0111	（
0112	甲
0113	床
0114	早
0115	形
0116	廊
0117	抱
0118	鉄
0119	愛
011A	外
011B	他
011C	ド
011D	来
011E	過
011F	６
0120	本
0121	昼
0122	友
0123	『
0124	朝
0125	先
0126	分
0127	利
0128	玄
0129	カ
012A	新
012B	帽
012C	欲
012D	帰
012E	未
012F	線
0130	隠
0131	無
0132	校
0133	員
0134	立
0135	三
0136	夏
0137	口
0138	氏
0139	シ
013A	不
013B	財
013C	階
013D	様
013E	緒
013F	フ
0140	元
0141	安
0142	記
0143	嫌
0144	二
0145	ぎ
0146	途
0147	動
0148	相
0149	色
014A	引
014B	壁
014C	ウ
014D	ブ
014E	配
014F	薫
0150	ベ
0151	体
0152	光
0153	頭
0154	瞬
0155	介
0156	想
0157	止
0158	』
0159	消
015A	棄
015B	期
015C	曜
015D	駆
015E	親
015F	ぶ
0160	父
0161	幽
0162	灯
0163	題
0164	ト
0165	突
0166	右
0167	温
0168	付
0169	進
016A	ひ
016B	倒
016C	程
016D	返
016E	落
016F	照
0170	終
0171	天
0172	代
0173	ロ
0174	仕
0175	具
0176	布
0177	ゆ
0178	底
0179	取
017A	飛
017B	正
017C	情
017D	逃
017E	積
017F	場
0180	士
0181	全
0182	詰
0183	変
0184	明
0185	近
0186	渡
0187	血
0188	悪
0189	集
018A	者
018B	学
018C	戻
018D	考
018E	垂
018F	縁
0190	少
0191	握
0192	理
0193	庭
0194	生
0195	ノ
0196	死
0197	建
0198	誓
0199	移
019A	鳴
019B	骨
019C	斐
019D	看
019E	姿
019F	助
01A0	佳
01A1	張
01A2	導
01A3	使
01A4	苦
01A5	段
01A6	ギ
01A7	願
01A8	問
01A9	ぉ
01AA	打
01AB	似
01AC	ャ
01AD	解
01AE	玉
01AF	誰
01B0	探
01B1	挙
01B2	業
01B3	追
01B4	焼
01B5	多
01B6	去
01B7	現
01B8	捜
01B9	細
01BA	浮
01BB	恋
01BC	押
01BD	我
01BE	信
01BF	君
01C0	黒
01C1	チ
01C2	怒
01C3	背
01C4	暴
01C5	恐
01C6	際
01C7	穴
01C8	曇
01C9	悲
01CA	世
01CB	投
01CC	洋
01CD	像
01CE	束
01CF	肩
01D0	反
01D1	指
01D2	型
01D3	強
01D4	犬
01D5	暗
01D6	ビ
01D7	始
01D8	視
01D9	夜
01DA	眼
01DB	呼
01DC	神
01DD	ゅ
01DE	同
01DF	ぼ
01E0	散
01E1	答
01E2	逆
01E3	華
01E4	築
01E5	這
01E6	グ
01E7	側
01E8	察
01E9	泳
01EA	臭
01EB	千
01EC	対
01ED	赤
01EE	レ
01EF	食
01F0	触
01F1	古
01F2	確
01F3	薄
01F4	セ
01F5	静
01F6	適
01F7	所
01F8	息
01F9	勇
01FA	降
01FB	片
01FC	満
01FD	流
01FE	風
01FF	胸
0200	旋
0201	慌
0202	再
0203	結
0204	祈
0205	縛
0206	窓
0207	根
0208	ョ
0209	住
020A	曲
020B	水
020C	別
020D	狭
020E	以
020F	首
0210	ゴ
0211	左
0212	囲
0213	老
0214	必
0215	痛
0216	羽
0217	亡
0218	伸
0219	暖
021A	ミ
021B	国
021C	驚
021D	喜
021E	冷
021F	尋
0220	守
0221	造
0222	叫
0223	ヒ
0224	０
0225	蝉
0226	工
0227	閉
0228	ェ
0229	踏
022A	響
022B	哀
022C	樹
022D	石
022E	折
022F	調
0230	陽
0231	螺
0232	可
0233	角
0234	慮
0235	メ
0236	腕
0237	奥
0238	沿
0239	残
023A	力
023B	浴
023C	ズ
023D	登
023E	載
023F	乗
0240	横
0241	好
0242	仲
0243	孫
0244	異
0245	法
0246	和
0247	訳
0248	割
0249	半
024A	海
024B	決
024C	掌
024D	駄
024E	テ
024F	殺
0250	ュ
0251	焦
0252	比
0253	ぞ
0254	井
0255	覆
0256	幸
0257	高
0258	失
0259	敗
025A	類
025B	負
025C	設
025D	景
025E	放
025F	弱
0260	柄
0261	受
0262	）
0263	叩
0264	凝
0265	火
0266	繰
0267	産
0268	呆
0269	町
026A	影
026B	ケ
026C	震
026D	委
026E	鎧
026F	頃
0270	覚
0271	図
0272	頼
0273	瞳
0274	数
0275	ポ
0276	得
0277	注
0278	用
0279	伝
027A	寝
027B	刀
027C	祭
027D	オ
027E	軽
027F	吸
0280	料
0281	斉
0282	コ
0283	離
0284	金
0285	迷
0286	嬉
0287	鏡
0288	趣
0289	己
028A	板
028B	ィ
028C	茂
028D	家
028E	ぽ
028F	怪
0290	長
0291	隅
0292	吹
0293	絞
0294	尚
0295	末
0296	ダ
0297	玲
0298	雰
0299	窮
029A	掛
029B	由
029C	跳
029D	闇
029E	鼻
029F	臓
02A0	噂
02A1	果
02A2	乾
02A3	嬢
02A4	越
02A5	輪
02A6	薬
02A7	並
02A8	旅
02A9	迎
02AA	性
02AB	巻
02AC	減
02AD	故
02AE	秀
02AF	巨
02B0	退
02B1	プ
02B2	【
02B3	母
02B4	吊
02B5	四
02B6	払
02B7	〇
02B8	桶
02B9	疑
02BA	鬼
02BB	霊
02BC	雷
02BD	草
02BE	毛
02BF	熱
02C0	在
02C1	第
02C2	衡
02C3	月
02C4	頑
02C5	平
02C6	崩
02C7	至
02C8	豪
02C9	隣
02CA	鍵
02CB	嘆
02CC	箱
02CD	貴
02CE	耳
02CF	ヤ
02D0	誇
02D1	襲
02D2	湿
02D3	構
02D4	十
02D5	舞
02D6	兜
02D7	ボ
02D8	係
02D9	俊
02DA	郎
02DB	計
02DC	室
02DD	鋭
02DE	車
02DF	黙
02E0	ツ
02E1	ぜ
02E2	棒
02E3	撃
02E4	座
02E5	観
02E6	的
02E7	牙
02E8	屍
02E9	柱
02EA	!?
02EB	映
02EC	勢
02ED	潜
02EE	定
02EF	奇
02F0	ァ
02F1	常
02F2	鈴
02F3	約
02F4	増
02F5	酉
02F6	申
02F7	棺
02F8	特
02F9	材
02FA	吐
02FB	限
02FC	組
02FD	裏
02FE	ヘ
02FF	眺
0300	絶
0301	昔
0302	彩
0303	漏
0304	凍
0305	命
0306	鯨
0307	寂
0308	乱
0309	休
030A	運
030B	ゼ
030C	低
030D	団
030E	弾
030F	夕
0310	惑
0311	九
0312	ペ
0313	連
0314	脇
0315	疲
0316	涙
0317	枕
0318	経
0319	怯
031A	誌
031B	房
031C	緊
031D	奮
031E	客
031F	破
0320	境
0321	余
0322	憤
0323	界
0324	迫
0325	眠
0326	路
0327	激
0328	跡
0329	稲
032A	百
032B	点
032C	術
032D	礎
032E	魔
032F	詳
0330	干
0331	服
0332	染
0333	存
0334	廻
0335	姉
0336	孤
0337	警
0338	雑
0339	等
033A	婚
033B	狂
033C	八
033D	紀
033E	邪
033F	傷
0340	ジ
0341	骸
0342	試
0343	継
0344	門
0345	慨
0346	徐
0347	丁
0348	縄
0349	魂
034A	添
034B	東
034C	奢
034D	壊
034E	ム
034F	応
0350	共
0351	虫
0352	揺
0353	荒
0354	俺
0355	遣
0356	枯
0357	腹
0358	花
0359	避
035A	簡
035B	単
035C	溢
035D	溶
035E	清
035F	七
0360	紫
0361	禁
0362	武
0363	描
0364	望
0365	任
0366	脈
0367	阻
0368	Ｕ
0369	髪
036A	求
036B	酷
036C	涯
036D	晶
036E	妻
036F	晩
0370	射
0371	モ
0372	太
0373	幾
0374	踊
0375	辰
0376	騒
0377	耐
0378	精
0379	妙
037A	快
037B	装
037C	炎
037D	養
037E	堂
037F	演
0380	エ
0381	沈
0382	器
0383	ナ
0384	飲
0385	極
0386	抵
0387	呑
0388	虹
0389	辺
038A	独
038B	議
038C	局
038D	ネ
038E	埋
038F	灰
0390	腐
0391	頬
0392	滴
0393	楽
0394	悩
0395	保
0396	捨
0397	危
0398	屈
0399	脱
039A	深
039B	要
039C	髭
039D	据
039E	順
039F	及
03A0	楼
03A1	成
03A2	秘
03A3	蔵
03A4	随
03A5	〜
03A6	刃
03A7	丸
03A8	肌
03A9	互
03AA	貸
03AB	巧
03AC	箸
03AD	整
03AE	巣
03AF	状
03B0	伏
03B1	甘
03B2	肉
03B3	届
03B4	蠢
03B5	談
03B6	慎
03B7	奪
03B8	尽
03B9	短
03BA	森
03BB	婆
03BC	枝
03BD	サ
03BE	夢
03BF	裂
03C0	虚
03C1	忘
03C2	病
03C3	支
03C4	招
03C5	燃
03C6	英
03C7	鋼
03C8	興
03C9	案
03CA	鈍
03CB	貰
03CC	庵
03CD	攻
03CE	塔
03CF	済
03D0	絡
03D1	徘
03D2	締
03D3	季
03D4	験
03D5	否
03D6	挟
03D7	荷
03D8	瀬
03D9	星
03DA	寧
03DB	裸
03DC	呟
03DD	紹
03DE	悟
03DF	澄
03E0	】
03E1	断
03E2	ワ
03E3	剣
03E4	磨
03E5	潰
03E6	竜
03E7	遭
03E8	厨
03E9	画
03EA	泣
03EB	永
03EC	楚
03ED	喀
03EE	悶
03EF	岩
03F0	把
03F1	罪
03F2	発
03F3	混
03F4	格
03F5	刺
03F6	例
03F7	斜
03F8	族
03F9	久
03FA	謝
03FB	説
03FC	民
03FD	備
03FE	懐
03FF	卓
0400	寸
0401	燭
0402	習
0403	衝
0404	許
0405	馬
0406	ぷ
0407	頁
0408	毯
0409	痕
040A	轟
040B	犯
040C	匂
040D	滑
040E	抗
040F	唇
0410	ソ
0411	焚
0412	坂
0413	侍
0414	居
0415	辛
0416	慢
0417	隙
0418	複
0419	蹴
041A	球
041B	遇
041C	質
041D	絨
041E	誘
041F	周
0420	識
0421	筋
0422	有
0423	五
0424	衣
0425	徒
0426	歪
0427	汚
0428	淡
0429	費
042A	密
042B	械
042C	喉
042D	袖
042E	湛
042F	史
0430	奈
0431	瓶
0432	交
0433	認
0434	罠
0435	拭
0436	送
0437	完
0438	修
0439	嗚
043A	咽
043B	砂
043C	廃
043D	甦
043E	誠
043F	祟
0440	紳
0441	延
0442	改
0443	遺
0444	位
0445	透
0446	巡
0447	潤
0448	劇
0449	令
044A	停
044B	統
044C	蛇
044D	納
044E	渋
044F	央
0450	膨
0451	粒
0452	更
0453	舎
0454	技
0455	功
0456	拍
0457	闘
0458	堵
0459	恨
045A	毒
045B	隆
045C	選
045D	嘘
045E	品
045F	燐
0460	態
0461	留
0462	絵
0463	煙
0464	宿
0465	松
0466	米
0467	痩
0468	拷
0469	牛
046A	伐
046B	潔
046C	釣
046D	唐
046E	杯
046F	予
0470	示
0471	娘
0472	塚
0473	偏
0474	幻
0475	六
0476	繊
0477	飾
0478	猫
0479	枚
047A	植
047B	噴
047C	塊
047D	如
047E	執
047F	蠟
0480	若
0481	蜃
0482	幹
0483	盛
0484	机
0485	敏
0486	容
0487	兄
0488	噛
0489	氷
048A	咲
048B	眉
048C	償
048D	冒
048E	埃
048F	寿
0490	Ｔ
0491	促
0492	斎
0493	系
0494	歳
0495	非
0496	官
0497	婦
0498	瑤
0499	徊
049A	除
049B	雨
049C	索
049D	雅
049E	紛
049F	凄
04A0	罵
04A1	腰
04A2	溜
04A3	ゥ
04A4	鼓
04A5	肘
04A6	田
04A7	恥
04A8	橋
04A9	傾
04AA	収
04AB	伴
04AC	著
04AD	歓
04AE	ヌ
04AF	殴
04B0	述
04B1	ゲ
04B2	抑
04B3	属
04B4	救
04B5	爪
04B6	節
04B7	坊
04B8	禍
04B9	韻
04BA	涎
04BB	胆
04BC	拒
04BD	席
04BE	渾
04BF	準
04C0	恍
04C1	買
04C2	椅
04C3	墓
04C4	堅
04C5	王
04C6	弦
04C7	従
04C8	滅
04C9	鳥
04CA	制
04CB	承
04CC	塗
04CD	袋
04CE	専
04CF	困
04D0	責
04D1	換
04D2	謎
04D3	瓜
04D4	売
04D5	剥
04D6	育
04D7	農
04D8	裕
04D9	揃
04DA	致
04DB	昨
04DC	告
04DD	翌
04DE	損
04DF	掴
04E0	闖
04E1	餅
04E2	忍
04E3	鐘
04E4	託
04E5	覗
04E6	幼
04E7	式
04E8	替
04E9	障
04EA	獄
04EB	妹
04EC	弔
04ED	雲
04EE	狩
04EF	陣
04F0	燥
04F1	穏
04F2	圧
04F3	超
04F4	蓋
04F5	墟
04F6	顕
04F7	膝
04F8	缶
04F9	呻
04FA	濡
04FB	諦
04FC	課
04FD	拳
04FE	脚
04FF	汁
0500	治
0501	災
0502	与
0503	錯
0504	雄
0505	乳
0506	涌
0507	覧
0508	封
0509	復
050A	冗
050B	也
050C	靴
050D	健
050E	補
050F	珍
0510	辿
0511	川
0512	陰
0513	飯
0514	効
0515	険
0516	訴
0517	志
0518	釈
0519	砕
051A	訪
051B	貌
051C	脳
051D	訊
051E	鹿
051F	泊
0520	圏
0521	掃
0522	妖
0523	狐
0524	募
0525	漠
0526	ヶ
0527	週
0528	論
0529	伺
052A	ザ
052B	宝
052C	悔
052D	審
052E	宙
052F	午
0530	喋
0531	馴
0532	蚊
0533	露
0534	歯
0535	倉
0536	辞
0537	傍
0538	護
0539	ぅ
053A	柔
053B	躍
053C	蒼
053D	厳
053E	害
053F	提
0540	慈
0541	霧
0542	蝕
0543	咳
0544	粉
0545	菊
0546	ぴ
0547	師
0548	衰
0549	砒
054A	肝
054B	繁
054C	帳
054D	茶
054E	魚
054F	戒
0550	拾
0551	勝
0552	務
0553	糸
0554	層
0555	肯
0556	煩
0557	庫
0558	狙
0559	餓
055A	担
055B	躇
055C	粗
055D	墜
055E	汲
055F	瑞
0560	種
0561	栄
0562	量
0563	帯
0564	縦
0565	寒
0566	戦
0567	ぃ
0568	希
0569	検
056A	紡
056B	頂
056C	且
056D	誉
056E	垣
056F	派
0570	都
0571	捕
0572	凶
0573	象
0574	Ｏ
0575	祖
0576	彫
0577	炉
0578	繋
0579	綴
057A	怠
057B	印
057C	施
057D	削
057E	紅
057F	忌
0580	召
0581	便
0582	活
0583	候
0584	奧
0585	値
0586	惚
0587	偶
0588	錆
0589	厚
058A	則
058B	熊
058C	貼
058D	頷
058E	撲
058F	縮
0590	授
0591	弟
0592	油
0593	遙
0594	嚇
0595	汰
0596	皮
0597	筒
0598	槻
0599	矢
059A	管
059B	卒
059C	為
059D	硬
059E	枠
059F	弘
05A0	号
05A1	朽
05A2	銃
05A3	接
05A4	斬
05A5	殻
05A6	孔
05A7	渓
05A8	’
05A9	槍
05AA	献
05AB	儒
05AC	胃
05AD	郵
05AE	件
05AF	依
05B0	報
05B1	菜
05B2	湯
05B3	威
05B4	汗
05B5	緯
05B6	沸
05B7	渦
05B8	蘇
05B9	借
05BA	彿
05BB	針
05BC	京
05BD	旧
05BE	労
05BF	杖
05C0	吠
05C1	妊
05C2	漢
05C3	賢
05C4	霜
05C5	羅
05C6	谷
05C7	暇
05C8	液
05C9	騙
05CA	鍬
05CB	憮
05CC	康
05CD	原
05CE	淘
05CF	黄
05D0	泥
05D1	句
05D2	既
05D3	誤
05D4	況
05D5	昏
05D6	波
05D7	練
05D8	眩
05D9	沢
05DA	囁
05DB	箇
05DC	仙
05DD	浸
05DE	芯
05DF	芝
05E0	究
05E1	膚
05E2	拠
05E3	街
05E4	漂
05E5	隔
05E6	洗
05E7	酸
05E8	盗
05E9	科
05EA	誕
05EB	逸
05EC	亀
05ED	畳
05EE	将
05EF	愕
05F0	療
05F1	〇
05F2	畏
05F3	擦
05F4	厄
05F5	緩
05F6	躊
05F7	預
05F8	懇
05F9	唱
05FA	享
05FB	匹
05FC	猿
05FD	殊
05FE	択
05FF	譲
0600	烈
0601	証
0602	苛
0603	宅
0604	憎
0605	肺
0606	防
0607	才
0608	写
0609	赦
060A	参
060B	泡
060C	喪
060D	彷
060E	南
060F	秋
0610	晴
0611	役
0612	万
0613	典
0614	其
0615	喝
0616	列
0617	唾
0618	魅
0619	毎
061A	皿
061B	蛍
061C	努
061D	絹
061E	惨
061F	駅
0620	秒
0621	社
0622	尻
0623	区
0624	―
0625	Ｆ
0626	・
0627	敵
0628	贈
0629	逢
062A	獣
062B	群
062C	娠
062D	叱
062E	葛
062F	撫
0630	冬
0631	雪
0632	苅
0633	春
0634	煎
0635	雛
0636	醜
0637	融
0638	池
0639	即
063A	獲
063B	争
063C	唯
063D	弁
063E	濁
063F	被
0640	喧
0641	嘩
0642	舌
0643	懸
0644	鉛
0645	崎
0646	勤
0647	癒
0648	偽
0649	宮
064A	桜
064B	渇
064C	膏
064D	‥
064E	捉
064F	桃
0650	併
0651	粋
0652	毅
0653	履
0654	維
0655	講
0656	励
0657	浅
0658	煮
0659	侮
065A	戯
065B	摂
065C	額
065D	紐
065E	猛
065F	喚
0660	鞄
0661	恩
0662	詫
0663	衆
0664	慄
0665	昇
0666	柵
0667	槽
0668	胎
0669	稚
066A	蒸
066B	銀
066C	畑
066D	純
066E	哲
066F	錠
0670	充
0671	絆
0672	因
0673	釜
0674	鉱
0675	鯉
0676	爺
0677	録
0678	宣
0679	陶
067A	聖
067B	訝
067C	錦
067D	藻
067E	仏
067F	汝
0680	就
0681	職
0682	赴
0683	ォ
0684	忙
0685	往
0686	飼
0687	忠
0688	靄
0689	竿
068A	躯
068B	幕
068C	司
068D	秤
068E	鉢
068F	判
0690	兎
0691	催
0692	釘
0693	麻
0694	陥
0695	勘
0696	杞
0697	憂
0698	疾
0699	侵
069A	掻
069B	恰
069C	蝶
069D	襖
069E	欠
069F	乏
06A0	淀
06A1	働
06A2	股
06A3	拘
06A4	聴
06A5	悠
06A6	嘲
06A7	含
06A8	港
06A9	睨
06AA	豹
06AB	倍
06AC	腫
06AD	規
06AE	仰
06AF	閃
06B0	覇
06B1	澱
06B2	賛
06B3	乞
06B4	弐
06B5	浄
06B6	瑠
06B7	璃
06B8	詞
06B9	玩
06BA	慟
06BB	哭
06BC	１．
06BD	２．
06BE	３．
